w,lambda,mae_vs_infty
25,8,0.11322379591836736
25,16,0.07800342602040818
25,32,0.057606112244897964
25,64,0.03838392857142857
50,8,0.15321500765306123
50,16,0.10582606887755103
50,32,0.07819119897959184
50,64,0.05597883673469388
